city_id,id,name,locality,chain,confidence,balanced_score,distinctiveness,walkability_density,transit_access,food_essentials,quietness_proxy,family_convenience,nightlife_access
amsterdam,e7b1cbcd-340f-4e51-baea-e05e96f444cb,Hotel Campanile Amsterdam,Amsterdam,False,81.98536774247884,21.07211574865125,84.6,17.879088860663497,0.0,0.0,50.06877778738224,99.85981308411215,0.0
amsterdam,835dcd5b-15ba-4016-9025-8df97956eff6,The Lake Hotel Amsterdam Airport,Badhoevedorp,False,81.9068781375885,24.12304147160374,84.6,13.985084785554397,0.0,0.0,81.69374598484106,90.71962616766704,0.0
amsterdam,ce5f50c9-cd92-4b88-9b17-8bf31a07191b,Boathouse Amsterdam,Amsterdam,False,81.2127788066864,21.727329268865347,84.6,3.769341008438805,0.0,0.0,81.17509878350677,87.97196249651572,0.0
amsterdam,4ce5ed79-8cc8-4e72-8b00-5454bf87b7c3,BB Noord en Park,Amsterdam,False,87.60935950279236,27.588621004421768,84.6,11.5268466709104,14.44926358451922,0.0,82.82826716554116,99.69158878504673,0.0
amsterdam,faaff941-9da9-4f31-9c48-7561ac0f6593,Amsterdam Farm Lodge,Amsterdam,False,87.06485676765442,24.52113137254395,84.6,18.549988649853884,0.0,0.0,65.37097377808303,92.87850467289394,11.450914057142176
amsterdam,3946c907-b476-45c0-a5e8-408613b894ff,Erfgoed Logies,Amsterdam,False,94.71489310264587,44.86043266715108,81.3,43.03387472546373,76.67013637289115,3.289199757412325,61.96965547920407,99.5514018691589,6.741346581340865
amsterdam,77c8f261-ac54-4e42-96ba-c43d7260f906,Homestead Amsterdam,Amsterdam,False,85.7485716342926,26.12262876337111,80.7,6.101076888977965,0.0,3.87151364129766,94.86030157836825,98.99065420560748,0.0
amsterdam,65fea7fc-c16b-45fe-8fd5-fb25f1faff9a,Bed and Breakfast Sloterpark,Amsterdam,False,88.09269750118256,26.424101359606613,80.5,22.623930524275128,0.0,4.087000933607552,62.5907268386942,96.74766355140187,13.456931247238403
amsterdam,3f1e7d2e-7eb8-4920-8734-0af5ee5c9f16,Ibis Styles Amsterdam Airport,Luchthaven Schiphol,True,87.9992440778613,19.04085503457891,79.6,6.850049440638016,0.0,5.035977190650368,51.19068653124069,89.85046728635132,0.0
amsterdam,2490d84e-f501-497c-891f-6dfdefe17cec,Mercure Hotel Amsterdam West,Amsterdam,True,87.99891065138578,19.782956143272017,79.2,5.824802719026089,0.0,14.742204734490775,39.40450765263829,97.58878504672897,0.0
amsterdam,6d70e924-d0ca-429e-8a8f-423f74a73831,Novotel Amsterdam City,Amsterdam,True,99.99767322015762,51.39337437641617,69.7,44.8543142442037,100.0,14.88315043529755,50.826589517014355,99.41121495327103,12.538476784244395
amsterdam,6cc800da-b258-45c2-a383-94ba1f4758ab,Mercure Amsterdam City Hotel,Amsterdam,True,99.9977309627533,38.51828147270197,68.0,29.30695418503611,37.37017275513486,16.63413389380392,53.904450223527036,97.11214953271028,27.06097879404609
bangkok,cc7a80e0-43b8-4d73-8185-feca37d29f0e,H2DO Hotel,บางบ่อ,False,81.52184975147247,17.34301607694969,84.9,5.793165586132684,0.0,0.0,100.0,11.843829597231558,0.0
bangkok,02f2535f-6528-4456-9f64-7beb29726569,ท่าเริอพูลพิพัฒ,พระประแดง,False,80.10956871509552,16.078901371745424,84.9,5.711769384641799,0.0,0.0,76.22179499426997,17.234584264911962,11.86546546123581
bangkok,dca38450-f8e1-4927-80cb-4bd71ec96f21,The Grand Rama II. เดอะแกรนด์ พระราม2,สมุทรสาคร,False,80.20509111881256,17.551841026332436,83.7,1.0100242927111072,0.0,2.8132242760615704,95.23981703422368,25.01218757444351,0.0
bangkok,c4ce64a3-12cf-470e-b64e-6d5fe0e446f0,หมู่บ้านนวธานี,กรุงเทพมหานคร,False,82.90642070770264,17.07697527428612,83.6,1.1003096404567378,0.0,3.053938216388787,88.81123236746949,29.24440847796591,0.0
bangkok,9386fbf8-167c-444d-a7d7-80f49ce8740f,Chai Na Resort,กรุงเทพมหานคร,False,81.93667447566986,15.834759328103994,83.6,1.107437616409745,0.0,3.066359024110222,100.0,0.0,0.0
bangkok,54a69828-d7b7-4ceb-b810-5892828ff26b,Narisa. Villege,กรุงเทพมหานคร,False,80.4887365102768,25.895304172224083,82.6,2.11642647527097,0.0,6.291298088455843,100.0,92.13759259478721,0.0
bangkok,0491b27f-dfe4-4478-b0e4-37672d42af67,เรือนรับรองรีสอร์ท,กรุงเทพมหานคร,False,80.15791428089142,16.042890384280888,82.4,2.359860889929963,0.0,2.8545910314744822,100.0,0.0,0.0
bangkok,f728f849-d30e-4fd6-8f65-7eed14dfe8b0,ดอนฟ้ารีสอร์ท,กรุงเทพมหานคร,False,82.01693940162659,21.73458497707087,81.8,2.9626424986164963,0.0,3.3310443176675055,100.0,54.75847613814072,0.0
bangkok,5f1e94f9-4049-46c6-aae5-58312ed041fd,พฤกษา34 (พนาลี),พระสมุทรเจดีย์,False,85.50998556613922,20.74546086037415,81.7,16.989957792886322,0.0,3.2273822962668315,100.0,17.019928425435182,0.0
bangkok,ecba7ca7-d84e-49a6-bbc4-41245aa03ab4,รักบัว รีสอร์ท,Amphoe Sai Noi,False,80.47912847995758,15.976409070078073,81.5,5.660156769282145,0.0,3.405155019281525,94.42231141576893,0.0,0.0
bangkok,5c918309-aac9-4aa1-bba1-272f9594fa4d,Inkgold Hotel & Cafe,กรุงเทพมหานคร,False,80.73796379566193,23.638457465213918,81.5,5.523863690863615,0.0,3.39674504077925,93.53567456064243,78.23984534788978,0.0
bangkok,245e9caa-4397-4277-bebf-b637df48e61b,เลค วิว รีสอร์ท,กรุงเทพมหานคร,False,85.63289153575897,21.679451342253213,81.4,7.292416515173282,0.0,3.491359371181227,100.0,45.226961649823096,0.0
bangkok,bce4ec65-e1f4-4ad6-b53e-6618df2e7c20,Coconut Lane Bangkok,พระประแดง,False,87.50583338737488,24.724290312500663,81.3,3.4202287193076435,0.0,9.190946756001004,83.3749095331871,96.95818787460868,0.0
bangkok,a73062a9-e739-4a9a-b766-eeff965d3a46,บ้านไม้ชายน้ำ ริมคลองบางโฉลง,กรุงเทพมหานคร,False,81.52410852909088,18.32084252091603,81.3,14.804836895795594,0.0,3.5998466362922996,87.30513086649889,0.0,10.294241230157468
bangkok,a7b295b4-aec6-4618-b660-a8f6bc780dad,โรงแรม สมูท,บางบัวทอง,False,80.39582085609436,15.493366049232952,81.2,9.268318616939519,0.0,3.6769511420578898,86.02874731622313,0.0,0.0
bangkok,6679c755-4034-423e-8f79-7fd9d807d80d,ซีเนียคอมเพล็กซ์ มหาวิทยาลัยกรุงเทพธนบุรี,กรุงเทพมหานคร,False,81.48403453826904,26.1909826602558,81.1,5.672151800453847,0.0,3.858058538297087,100.0,92.84940592505612,0.0
bangkok,d4acaea7-82fa-4039-abee-d1bf640f6093,Siam Villa Suvarnabhumi,กรุงเทพมหานคร,False,81.51662838459015,16.287417289809632,80.9,13.663417569821558,0.0,4.0632941162102,84.94716635068855,0.0,0.0
bangkok,a13eb685-47eb-476e-9fe1-84b1a4894e30,โรงแรม ยู แอนด์ มี,บางบัวทอง,False,80.608518242836,13.72312389504436,80.5,8.213771094675305,0.0,4.423303964235377,74.63805922174815,0.0,0.0
bangkok,c6bbfa72-b061-4984-a635-f1f72465f4ae,OYO 271 The Resort Romklao,กรุงเทพมหานคร,True,81.93777453899384,18.52747885802566,74.8,9.889075512269136,0.0,15.124084215090058,90.16564608369214,0.0,0.0
bangkok,af88de0a-b52f-4b25-bbe1-66a09d3145cd,Hilton Bangkok Suvarnabhumi Golf Resort & Spa,Bangkok,True,80.62,18.97716449683257,73.9,10.843548977792366,0.0,21.566581443514217,83.30092275047504,0.0,0.0
bangkok,c547f20b-568e-4ab3-82ad-7327570cfba1,OYO 1160 Top Inn Lam Luk Ka,Pathumthani,True,82.0,20.009160452485563,70.9,14.289825152936599,0.0,14.006821353515045,75.80420032562384,0.0,19.86134068234439
bangkok,570ec4f2-9228-4a99-a697-a56a9c7b6d9f,"Novotel Hotel, เมืองทองธานี",ปากเกร็ด,True,82.54114317893982,26.804192192152456,69.5,19.94783068912759,0.0,15.409554449376806,88.73135880782192,64.2301134327829,0.0
bangkok,23be987c-962b-408d-85c6-4389413d80cd,SureStay By Best Western Iconic Suvarnabhumi,บางบ่อ,True,80.22637677192688,26.946247233051807,65.1,19.581596485663546,0.0,40.14963967959549,100.0,0.0,0.0
bangkok,e4c61413-ed39-4756-9345-0b4be1fced48,OYO 133 Park,เขตบางพลัด,True,89.5,58.6627867095689,64.0,88.27107115148257,43.02290256341972,88.58625286429337,49.81275869755828,0.0,48.09885059397351
bangkok,fd4811ba-2155-46c3-8adc-2666c3bfab64,Intercontinental  Bangkok  Hotel,บางใหญ่,True,80.37834215164185,40.65174239291793,64.0,55.9715250839804,0.0,68.17924296757462,88.96441172808245,0.0,16.51284682263038
barcelona,097776b8-7b25-4b3e-a57a-1a715a9904bf,Gran Hotel La Florida,Barcelona,False,87.42802094057203,23.767596379792092,85.0,25.203448564596073,0.0,0.0,88.54310305017921,46.85922636412271,5.0634571528915
barcelona,f0662a6a-09a7-43c8-bd3d-8c0b540b43fe,METT Barcelona,Barcelona,False,81.95269048213959,21.582102851132447,85.0,18.835465901764767,0.0,0.0,88.95565976046414,44.71660706709872,0.0
barcelona,b1f0ec7c-3e4c-4926-afae-ede3cc8f88a2,Hotel Torre Barcelona,Sant Cugat del Vallès,False,86.96711528301239,21.122496159548373,85.0,9.184464556344338,0.0,0.0,100.0,35.81805596622447,4.691984344380364
barcelona,ecf363a6-6021-4862-8d1f-d4c30eb57695,GRACIAS PACO,Cornellà de Llobregat,False,89.5,38.159932949484244,83.8,33.7534772145774,36.84890380781911,24.114775396085157,85.28320518236876,64.24020888432591,0.0
barcelona,935fb650-bb72-482a-b82c-ee45617ed5a3,Hotel Campanile,Cornellà de Llobregat,False,87.1,52.61524458040327,83.8,54.69326232028278,84.49275124867579,25.39437309572442,84.02424745875999,70.95530128652673,0.0
barcelona,34fb94eb-2399-4376-a794-814d2d3b2af5,Hostel. Americana,Barcelona,False,83.38639163970947,36.00129672901312,83.8,41.017397628524066,22.542015564608423,32.155069833368664,60.128319439867155,78.39152207732812,0.0
barcelona,a85fc04b-a78f-4527-a131-155f1cd3380c,Barcelone,Cornellà de Llobregat,False,80.76696062088013,49.23118578390234,83.8,51.63365734590404,71.66054985678474,23.81089059419611,83.47979563091563,72.88196879888012,0.0
barcelona,e91d536b-8950-4760-aabb-e7995231418e,"Silca, Duplicadoras de Llaves",Barcelona,False,82.56134414672852,45.66027446993712,83.8,49.41164067265883,44.40408331252971,41.75942524385191,79.3285590332481,66.45960769141821,0.0
barcelona,6b0b45fb-0e07-4a86-8208-48d4ad995b65,Novotel Barcelona Cornella,Cornellà de Llobregat,True,93.99917134439946,46.513309524068724,83.8,59.80340574285158,46.84641740460809,42.28623293471833,62.353491138981994,73.73074636785825,0.0
barcelona,7dc2eae0-7ce4-445c-bfe0-cbfef6024c7b,Hampton by Hilton Barcelona Fira Gran Via,l'Hospitalet de Llobregat,True,93.97107120633126,58.93065009275546,83.8,63.90378349779867,81.68315020042496,36.90369479069429,83.39542150458601,99.23211169283974,0.0
barcelona,344ee5b9-9278-408b-a8c5-998942077001,ibis Barcelona Cornella,Cornellà de Llobregat,True,93.9990937743783,53.057792526879716,83.8,63.61498288309549,68.47627631237283,34.50518662255746,83.43779598944771,72.22833964857395,0.0
barcelona,d36a623a-0c0b-426a-bff3-d72ba1970e01,Best Western Hotel Alfa Aeropuerto,Barcelona,True,89.5,33.754532609613015,83.8,19.227312786323026,20.422403400487156,19.414010450603076,89.08888091270107,85.784551452252,0.0
dubai,3915f140-e82a-416b-b71b-88b3b7f0a015,Le Méridien Fairway,,False,83.5,11.521068595259877,81.3,1.3776215757139103,0.0,3.8287631540749034,40.284228745683194,44.37157337449634,0.0
dubai,481d10f5-d439-4768-99e9-9cbff83f645a,"Ecos Dubai Hotel at Al Furjan, Managed by HMH",دبي,False,87.6791984140873,17.708588418528556,81.2,1.5091537430825492,27.017853784564288,0.0,73.4607374124761,9.840763011277716,0.0
dubai,49f0cc99-3544-482f-aaac-72302cac9c87,OYO 968 Home 2005A Sobha creek Vistas 1BR,Dubai,True,82.0,24.692381132607466,81.2,1.5246476706391805,0.0,4.1154177985659395,91.1680556077013,98.89159697611245,0.0
dubai,04861107-4294-4761-97e5-7101811d65f0,OYO 1008 Home OYO The Nook-1,Dubai,True,82.0,22.982804101145124,81.0,1.700469676133058,32.13663844832007,0.0,92.70396584646912,23.09787599284131,0.0
dubai,c5a06b9b-b06e-468b-80ea-758753e6884c,OYO HOME 1560 Furnished 1bed Apartment At Azizi Aliyah,Dubai,True,82.0,22.897417408060754,80.1,2.569739945999212,14.25828251138629,0.0,86.92190503409682,64.93527161469127,0.0
dubai,f0deebb6-396b-4df5-aff9-5183ca07ab83,"OYO 969 Home Azizi Aliyah, Al jadaaf -2bhk",Dubai,True,82.0,22.984860826198492,80.1,2.6180097567327265,14.433493673472528,0.0,86.91233735414394,65.3770953703585,0.0
dubai,c17b1c6d-0c4c-4968-98d8-5e99d1e4b36b,"The Palace Hotel, Dubai",دبي,False,82.49589252471924,23.30968197785308,79.8,2.909246426197986,0.0,7.888629946375559,83.09358782938031,86.86068528931327,0.0
dubai,ba650239-296f-478b-8c77-ae6ec9347c38,izzzi.life Mint,دبي,False,84.40219748020172,20.02131134716653,79.7,4.148245098730299,0.0,0.0,82.14134331905568,51.918844712716904,11.190509055269516
dubai,b03b5ac9-f292-4abb-9e19-851850b73484,Arjaan by Rotana Dubai,دبي,False,83.5,22.400224503934542,79.7,3.184668807539598,44.23498704425528,0.0,22.756473017731974,95.0282238091577,0.0
dubai,2771a887-82a3-474d-9236-1170707ee6f8,Luxurious apartments at JLT by Checkmyguest,Dubai,False,88.0,21.918304232193808,79.7,20.903966032114997,36.94932244597099,0.0,21.94750775117972,54.22036486942179,10.889892579716474
dubai,26cf54a0-c79d-4039-a763-19919381fa8b,Milano By Giovanni Boutique Suites,دبي,False,80.63662958145142,25.70985463324645,79.7,27.271273677398774,0.0,0.0,92.18103117284733,64.28445221839597,0.0
dubai,8cad0553-ece9-4cac-903c-c161b660279d,Al Sahara Desert Resort,دبي,False,81.83509306907654,17.755064702651367,79.7,5.209081775198019,0.0,0.0,100.0,0.0,11.421655650745096
lisbon,a3313d67-c644-4911-b899-09205be6c958,Alvalade Palace,Lisboa,False,84.47886037826538,19.83931769192069,85.0,20.930188426524403,0.0,0.0,31.470143996691068,96.20311750577736,8.749644376896075
lisbon,5a49f399-7995-4552-95b9-e1fc24ff00c2,Lisboa Camping & Bungalows,Oeiras,False,87.8162617444992,19.058400549778483,80.4,4.5885414510801485,0.0,4.998738000252232,65.47209530645249,73.20130363544132,0.0
lisbon,503d1165-6e14-44a7-9212-55d5e1a347d8,Casa do Presidente,Lisboa,False,87.30849432945251,23.868732343710693,79.0,9.316677397389824,0.0,5.966846675116597,87.37825533938148,77.05289228302183,0.0
lisbon,e4c4a894-7ac2-486d-a766-01c7198a611a,Grupo Pestana Pousadas,Lisboa,False,91.60300099849701,49.72186395261102,76.3,59.7047490459266,25.46810681771921,68.49400217257525,64.61391192242814,92.96405557002582,0.0
lisbon,b6473db5-0a90-41e7-9698-c07746313197,Chelas zona N2,Lisboa,False,85.5865375995636,37.431171117036705,76.3,34.71649273721608,0.0,46.80817615266959,76.31791136426216,96.78550634420247,0.0
lisbon,03dc26fd-68c6-4e6b-889b-ea1974c9b806,Campolide Lisbon Apartment,Lisboa,False,81.56874620914459,49.39408598385634,76.3,65.99522296865389,38.10204765942359,59.240547793425016,45.93047705779297,98.36950740886887,0.0
lisbon,c98af91b-5a16-43b2-88c2-c42c06aa2dd3,Swellnest,Mafra,False,89.53148627281189,45.99065727450711,76.3,16.847068939441847,71.54683099495045,21.002180406414546,94.09180265928214,99.97670807453417,0.0
lisbon,e0a93007-2123-43d3-8807-ce52164881e1,Star inn Lisbon,Lisboa,False,93.85965999364853,48.534684807866114,76.3,34.90756138068407,85.99278544920904,34.146890326461765,50.447752352357924,99.5807452374144,0.0
lisbon,184dd9a6-0755-4809-8615-253c603920bd,Meliá Lisboa Aeroporto,Lisboa,True,93.99479187697172,43.43614767279534,76.3,34.099113803262284,79.5559826465065,26.529608325866956,36.14999095843427,99.76708073903052,0.0
lisbon,46303fc5-cd34-4255-bb51-bcf880e5be49,Holiday Inn Express Lisbon - Alfragide,Oeiras,True,87.99841174548865,33.78356220791208,76.3,52.698305521631085,0.0,9.157398547052617,91.00538012819888,77.61614374945503,0.0
lisbon,b232a91f-f33a-4084-95b8-4e34b8c9705d,ibis Lisboa Alfragide,Oeiras,True,87.99660875761509,20.813190948140026,76.3,9.208632140846623,0.0,11.036642150850767,60.98096556726996,76.16991254710054,0.0
lisbon,7ccfcf88-4a98-4f05-b8ec-ecf360a28b75,"Radisson Blu Hotel, Lisbon",Lisboa,True,99.99887947285175,46.87082180621261,70.0,58.063997649093544,41.555766168893825,53.47407593402392,36.27758999823101,98.60244386674844,6.334473129339051
london,f1271593-e8ac-4af3-b886-375279c564e7,The Hindes Hotel,Harrow,False,93.79435122609138,50.27564024590854,85.0,82.55824255129522,29.30965902702399,69.14451394020868,76.83698636380143,0.0,16.98406125088497
london,e9363388-9a76-4e7e-89a1-54d1bc15e259,Lindal Hotel,London,False,87.1,47.271754663235996,85.0,82.81947092020462,27.02959301649757,70.68383662479351,57.26788266399439,0.0,17.166614342251307
london,686d8ba7-bc40-4a76-ae24-42a444d702de,The Central Hotel,London,False,87.1,53.53090748871031,85.0,82.13052161445628,31.49445667628642,70.90884989040921,94.87709416756663,0.0,15.950518182299543
london,d57c0750-8ef7-4448-9895-c5aba49ffca3,Darent Hulme Barn,Shoreham-by-Sea,False,81.1,23.825306443696586,83.5,1.3368953982677954,0.0,0.0,100.0,73.38197008227246,8.13153570543854
london,6fc7e244-e625-465c-b9e8-a7d8cd311157,The Canopy,Chigwell,False,80.986496925354,23.18285348964138,83.4,2.45599946582118,0.0,0.0,90.68058508541537,90.89565833664838,0.0
london,78843960-a2b2-4e2a-bde4-df9c0fc684d7,"Kalkan, Turkey",Loughton,False,81.3774185180664,37.59167538610934,83.4,33.464372033924455,59.582050647775105,0.0,72.46541415487091,81.12578726538784,0.0
london,7830698b-69f1-4875-8cc0-0f8a3c412f38,Comfort Hotel Enfield,Enfield,False,87.88389857918024,34.08092196663031,83.4,25.202599660256745,35.10480195554801,0.0,91.51186249603211,82.92662269064535,0.0
london,ec6eefa0-a94e-4a1d-8420-45222fa1c698,Royal Chace Hotel,Enfield,False,80.965,15.077384714099328,83.4,6.147395382972425,0.0,0.0,49.286219300990034,64.54972742356337,0.0
london,bf323f7e-b7b5-4fc5-9490-f38aa0a7ad5b,Hillview Cottage B&B,"Great Warley, Brentwood",False,83.5,24.311419333958092,83.4,4.956459134669161,0.0,0.0,100.0,71.94585910916395,7.503610640719096
london,d3d3e253-2022-4e53-8600-163c930168b7,Flexistay Aparthotel,Sutton,False,92.59893381595612,25.685448728440324,83.4,23.541336890792223,18.917793782323525,0.0,62.343304773268265,62.66086992304643,10.506932570148617
london,a34d9053-afdd-4e42-b4f7-18bc8b7081a6,Castlemaine House,Epsom,False,87.50382311910391,25.723785594381905,83.4,1.9307068213782488,20.945045805102076,0.0,92.72367713199739,72.40083499286231,0.0
london,78c7e794-00ef-4da8-a8f1-ff5a63a9ece1,The Clockhouse,Byfleet,False,81.1,28.177965654352292,83.4,7.347492430550351,21.8307121484441,0.0,92.40103639935549,84.82169278650078,0.0
london,27c32260-bf74-4756-9c10-f2696bea789e,Handpicked Hotels,Fawkham Green,False,81.1,24.040277755778426,83.4,5.96112501691564,0.0,0.0,88.69674064853739,84.33771071784992,7.398470555531319
london,b28de69b-bc1e-4ec3-acb8-2c872ce76f17,102 Interiors,London,False,84.64394975304603,32.266777019963804,83.4,23.735199675385143,30.73440155456556,0.0,90.3061183506007,78.2693902138356,0.0
london,aadcb433-5991-4430-b943-d7c7bee53b18,Laxton Hall,London,False,83.22460401058197,36.67021205635456,83.4,12.949563617944715,58.93403225200397,0.0,90.4787605781265,87.2167879564584,0.0
london,b705375e-3343-4cd2-81ed-cb5318c2d073,Fosters Bed and Breakfast,London,False,91.93020144104958,33.69126618398433,83.4,42.77301328355877,21.635271929224974,0.0,64.8697391926526,79.98051269440573,20.540646620594146
london,9fc399b5-6e51-4722-8bd1-ed2711f9f8d5,"Marriot Hotel, Heathrow",South Croydon,False,80.8369619846344,25.349324797265893,83.4,12.61041484663963,0.0,0.0,94.10585648140004,87.11363355727963,0.0
london,a0eb9b43-8674-43e5-939a-0917ba6c147a,Normanton Park Hotel,South Croydon,False,87.1,35.816584908620264,83.4,28.716270210976237,60.02783433994951,0.0,75.62539988546764,56.364528216026564,7.250007960082074
london,b3368535-4e9e-4519-b8f4-3ef3866a5f1d,DoubleTree by Hilton London Elstree,Borehamwood,True,87.65640544891357,31.29851584467363,83.4,47.72284209274727,0.0,0.0,66.32507234083617,97.83033786288163,13.481018591403911
london,ab622ccf-4298-4bfb-9aae-2d8476ccc2b2,Premier Inn Cobham hotel,Cobham,True,87.99931908154488,24.59749406818145,83.4,7.098697397249539,0.0,0.0,71.91692886150551,94.73947558124615,19.441784675874022
london,9fec9f70-35fa-4f3e-93ce-b34c4970e152,Crowne Plaza London - Heathrow,London,True,87.793,19.935467826881947,83.4,16.184921362772254,20.960898114947582,0.0,20.570548375139246,94.2072167506709,0.0
london,fa51bbfe-33cc-494c-8c9f-6d8927e9f8de,Premier Inn London Rainham,Rainham,True,87.99840778493882,14.702525064739959,83.4,12.190839629482962,0.0,0.0,42.266703821264095,27.665260118049662,21.052170358991916
london,fd9fd012-bd68-4bf5-8b14-11dca7e185f6,Holiday Inn Express London - Epsom Downs,Surrey,True,87.1,27.561751327111754,83.4,18.440378775158628,0.0,0.0,83.05306604708548,81.19249127147732,21.97644358579649
london,a85e9594-8376-45a1-9e22-1a934a64cddd,Holiday Inn London Shepperton,Walton-on-Thames,True,93.99933587378263,42.441982607030575,83.4,26.15731754040612,54.917105518856125,0.0,100.0,80.59270132091093,21.118852420580225
london,8b050f9b-5615-4577-8b07-45bf6ba65926,Express by Holiday Inn Greenwich,London,True,81.05226504802704,29.614350306801192,83.4,10.169001134512733,28.708277384508225,0.0,81.16840872381226,96.63633294425162,0.0
new_york,1794a495-680d-447f-b748-ddf97b623429,Howard Johnson,Newark,False,81.78009104728699,18.44327227487875,84.9,10.176144526045078,0.0,0.0,50.39837369711652,88.4828731510226,0.0
new_york,a20618f2-b21d-4b04-900a-cce0987ccf2c,Alpha Lodge,East Orange,False,91.59736657142639,27.512307616777314,84.9,20.963539438795298,18.132669484782696,0.0,81.89356501046909,60.58217601830447,9.005423191072687
new_york,03567439-20ba-4d57-85af-2a2f986d35da,The Sagamore Resort,New York,False,80.34970688819885,31.529146851883,84.9,10.152976410939534,42.19011263292995,0.0,77.22142778595958,94.77314875215161,0.0
new_york,235fbcec-f9ca-41a1-9eca-91aa340691d4,Hampton Inn Ridgefield Park,Ridgefield Park,False,81.9649327993393,16.13287501628817,84.9,1.6333451280154652,0.0,0.0,58.649915319672274,70.08718692734236,0.0
new_york,e982c988-a147-4a6f-a601-6f53d327f087,SpringHill Suites,Newark,False,81.93739187717438,18.203522508278766,84.9,7.844341775382172,0.0,0.0,52.21847661044926,88.01882661634944,0.0
new_york,c6814e85-0319-4926-af26-cc9dfa69dc21,Cross Creek Pointe,Englewood,False,81.04708623886108,24.488101316104835,84.9,21.966626710109608,0.0,0.0,100.0,50.94775974082915,0.0
new_york,52a071aa-3a01-4702-abae-4409ef9ad44c,Garden Plaza Hotel,Saddle Brook,False,81.33066010475159,21.262602059700605,84.9,20.526169179398234,0.0,0.0,62.32521849003943,78.08585450315044,0.0
new_york,14ceb77e-6d95-4e77-af7e-d7fe020a843d,Port of Bayonne,Bayonne,False,85.47840344905853,23.159129509449706,84.9,9.51453392377742,37.056438732285194,0.0,56.920757559016685,53.068213443846794,0.0
new_york,36dcac68-b590-4d9a-bc77-a5a1d1b098ff,Days Inn,Jersey City,False,87.12038028240204,22.44344093364183,84.9,25.195708077601076,48.70511996710046,0.0,32.03182122941358,28.58502140289489,0.0
new_york,b70526fc-04f8-4e9e-adaf-4cb3992310f1,"Crowne Plaza Newark Airport, an IHG Hotel",Elizabeth,True,87.9422824382782,21.273978640824772,84.9,21.100341201831053,0.0,0.0,40.05091316740004,87.69378506836489,15.179299456747103
new_york,dc4a6c35-471b-4317-b29e-9c880f1eea0c,La Quinta Inn & Suites by Wyndham Far Rockaway,Far Rockaway,True,86.965,33.17880363006536,84.9,13.466467817927102,89.35102651403992,0.0,46.09776775856412,57.006395998873366,0.0
new_york,9057c388-ad80-46fa-8941-4866891aac0d,Home2 Suites by Hilton Newark Airport,Newark,True,81.1664856672287,18.99109029489003,84.9,7.754497492114136,0.0,0.0,57.06853563436124,88.79910451313013,0.0
new_york,e66a6e0c-3943-4788-bfbf-33ce2d2f3ca4,Courtyard By Marriott,Newark,True,81.93739187717438,17.972437616220382,84.9,7.482505074520279,0.0,0.0,50.78354064622248,88.58405504382954,0.0
new_york,c6278881-6e4a-423e-8e44-c8316203d1d1,"Sheraton Hotel, East Rutherford, NJ",Lyndhurst,True,82.78779554367065,15.747351666257936,84.9,0.9925789730760808,0.0,0.0,78.99215955318274,25.234221017086877,7.8439322463774594
paris,110eda84-bb8b-43f8-ae91-fa6b88edd0e2,Les Bouvreuils,Vaucresson,False,81.69933586716652,20.667827837150234,85.0,1.0530894384402467,0.0,0.0,95.83390048713127,60.82124876392494,0.0
paris,ba83be62-5b9b-4498-8c3c-e129bfb1c333,Le Relais de la Malmaison,Rueil-Malmaison,False,87.93976902961731,21.64742798799172,85.0,3.6647497993747056,15.878362443382969,0.0,62.963531891126095,82.94275755771272,0.0
paris,8ef15151-2154-41c2-8efc-3326de765cb8,Club des Loges,Paris,False,86.11916984319687,29.197974814081853,85.0,33.719273323035296,17.038572422032967,0.0,60.354051357366146,99.93297961463279,0.0
paris,6b2de99e-7a32-488b-abd8-6cf3e091da0f,Mount St Michel,Saint-Maur-des-Fossés,False,86.79257893562317,26.580510320280695,85.0,7.217328766072925,17.85031478067941,0.0,94.43618003085096,66.47438404466345,5.027441345574903
paris,986e7700-d40e-4fff-a809-1bd8c15cb179,Chatou Île des Impressionnistes,Chatou,False,84.33909404277802,28.046996686217682,85.0,6.872693427942185,36.69745249298604,0.0,81.13207106684621,71.6315684200511,0.0
paris,b909e498-b100-46aa-b14e-093f4a53dcc0,ALL Accor,Issy-les-Moulineaux,True,86.25079023838043,31.043062745990596,85.0,16.757312103743015,34.11305556414573,0.0,75.12957350758903,95.99553186274491,0.0
paris,bc4a8027-fe3f-43da-a524-3fdf003f7d32,Hossegor,Vaucresson,False,80.49027466773987,25.87345492156196,83.7,1.2758808784734428,25.893119747507072,3.50605671017193,100.0,47.38443454331471,0.0
paris,567509bb-c44b-4aea-aead-7f54a86e5092,Du Côté De Chez Jos,Colombes,False,92.01877021789551,24.38019620600005,82.2,12.880063867032103,0.0,2.752341038655704,85.61844697915345,70.0538606101554,9.370414113159562
paris,9291da79-0c23-4c68-a6a9-0636cfc9658e,Relais & Châteaux,Ville d'Avray,False,82.0,27.61049185322193,81.6,23.551387428938323,0.0,3.4019178559061602,94.15705564680962,80.96272449231593,0.0
paris,d72d9d8a-b5ac-4ff9-bb3a-e36046f631b4,Les Etangs de Corot,Ville-d'Avray,False,87.96092956662179,27.700028463839477,81.3,23.960821306296694,0.0,3.6396332884894287,94.18860862349887,80.51646251357421,0.0
paris,c9855373-81d4-4fc4-bab6-e2fcdb486cdc,Hôtel du Port,Nogent-sur-Marne,False,93.94601766467095,28.705497360271487,80.0,22.06775186709993,14.5950410735809,5.005562634856565,73.12763864494109,94.02680448422842,0.0
paris,d1bceb62-f97d-47d7-a973-2fe13c5a4910,Villa Tenjin,Bondy,False,91.43012046813965,37.90209478029848,79.8,16.82686331902808,57.22590132864802,5.174046863970436,85.58416245222313,79.53661018522075,8.436313944090806
paris,f985e3aa-a5f6-4123-a913-25529d4ced34,Hotel Paris Star,Villejuif,False,93.45613507628441,26.222739173487916,79.0,17.13345948785917,0.0,6.0006831184966405,86.03586440051035,72.97349173825437,9.287878788765113
paris,a0f1cdcd-1c47-4742-927b-8a4b389b39c0,Séjours et Affaires Créteil Le Magistère,Créteil,False,93.96273488640784,30.681715704844176,78.8,12.782781804133966,39.42488034093864,6.117551537745216,61.267254769632004,98.2658475283581,0.0
paris,c931f7bc-1137-4f26-8692-868505f4e446,Adoma,Romainville,False,91.40973255038261,26.266497170796928,78.7,15.652072487072434,31.13545000286043,6.272555924435278,47.972057143611366,84.58672916381595,0.0
paris,47f3f6a9-8644-46b2-8db4-19138710b45e,Sun Cottage,Bobigny,False,85.32078468799591,31.064506694445008,77.9,49.803122089850596,0.0,7.076969985675762,32.856385620903126,91.21188802124477,37.592277560531926
paris,bb92bb00-7b7e-4916-97a5-73272d83e94b,Dock pullman les Entrepots de Paris,Paris,True,96.01248367726802,32.039076736863464,76.9,27.823017308557986,35.207589541785644,8.098380764424121,53.734033002679816,89.92999095605421,5.06783445268346
paris,59e19561-459c-4254-be2a-c968009a9686,Ibis Nogent-sur-Marne,Nogent-sur-Marne,True,93.99265550374984,30.448176738841227,72.5,33.448538664696166,21.898036084655757,13.524493826935462,51.87679183213835,88.92444248762993,0.0
paris,aadb0b27-14f9-4cc1-b899-b2fb4f6d60c5,Courtyard by Marriott Paris La Defense West,Colombes,True,93.9740919995308,34.16063554677194,72.5,53.25242067023727,16.81328834599497,44.75514788855615,18.54347035996706,84.14943611819201,0.0
paris,baabc2bd-c521-4147-9f2b-e74fb803e4d4,Hôtel Mercure Paris Pont de Levallois Neuilly,Levallois-Perret,True,93.9785802936554,56.51286210639874,72.5,70.58898887123013,45.03020440135176,63.03164538906148,83.12077999881885,83.14577374247239,0.0
paris,19c3e9cd-97ce-4a6f-8691-e21bd64061e2,Novotel Suites Paris Nord 18eme,Paris,True,90.22450649738312,28.89651871100159,72.5,26.609583101710466,28.293950569955346,34.17659408628172,13.866358976321397,90.00539312963872,0.0
paris,b433a17e-5e42-485a-903c-730f96989c53,H4 Hotel Wyndham Paris Pleyel Resort,Saint-Denis,True,93.17901051044464,43.191836950769115,72.5,38.725998955567,66.96678974054078,45.001124286747135,34.70449793062125,78.47379664604946,0.0
rome,a0eaca0a-39dc-4e01-80d1-24e57781e8d8,Hotel Meeting,Roma,False,87.81346591711045,26.22559132337206,85.0,49.00056685255391,0.0,22.321442210710543,67.71195120409115,0.0,12.02931220070333
rome,9394fd42-a0f3-4cef-b3d4-827ecdc713dd,Hotel Zone,Roma,False,93.92572303414345,30.9514157667444,84.5,26.759645639841203,19.212277774306813,0.0,83.02450164409309,67.94586809282382,16.725126853456334
rome,0ae53c74-4029-4046-ba42-d498801aea5a,Happy at Rome,Roma,False,86.9854941368103,43.19173989732698,84.5,16.88272301487116,90.16414115643171,0.0,84.32569341435646,81.90629728887377,6.285888813503723
rome,271e51c1-2aeb-48b2-bed0-7adb375c163d,Nataly's House,Roma,False,89.12699484825134,27.127211230917233,84.5,22.593831506578706,22.69486699651675,0.0,88.01613220146746,40.49166004431412,5.452571304310716
rome,193d6f2c-d4eb-40b7-85e2-b21cb0968222,Aurelia House And Loft,Roma,False,85.75350153446198,25.143738065060514,84.5,21.831846474043584,0.0,0.0,86.09380663115546,71.35394151522333,4.852690827040961
rome,152279a8-0745-428c-a365-52bb76bc3b6a,Domidea Apartments,Roma,False,81.75814771652222,29.19329305338038,84.5,29.765205792281723,31.8028533760308,0.0,54.4145710061562,76.32581861432344,7.232758049080651
rome,3fd5803c-7c3e-4365-a93c-e3e43337812a,Shasa Hotel,Roma,False,85.36390709877014,17.18538689721014,84.5,16.303350198463438,13.59379431982288,0.0,17.90821082352621,85.19726370023946,0.0
rome,1c453a79-6b24-4c2e-8533-e4cd7db9134c,"Villa Spada, Roma",Roma,False,93.84138799905777,23.364165160818505,84.5,20.068334993707015,20.297143208087526,0.0,36.81889063244663,67.89150235113108,19.860571269863293
rome,3b2b29ec-47e5-48cf-84c0-0f01dfe439a4,OC Hotel,Roma,False,81.99001225829124,14.257479693223114,84.5,5.990537520640848,0.0,0.0,26.107751708882255,91.43209432762606,0.0
rome,2d361506-b3d7-485d-8c15-56570c4f98a5,Rest in Fiera,Roma,False,80.7224280834198,19.67491900466677,84.5,9.244055979170184,0.0,0.0,86.7523754048348,48.13251498107513,0.0
rome,643893a9-0734-4fc1-b691-904828e51f40,Guest House Demma,Roma,False,84.42074942588806,27.55167626347923,84.5,30.086084519928416,0.0,0.0,92.91117245211366,66.65118603454589,6.217765921479394
rome,27a5bb65-5132-4fcd-a5e1-a35d2151509b,Relais La Canfora,Roma,False,87.37689244747162,26.101948945986535,84.5,31.897018224127244,0.0,0.0,88.53664553878113,57.161286918334405,4.839465190069844
rome,93f25296-628d-4db8-8494-aae4c59bc296,Hotel Boomerang,Roma,False,81.91608076095581,19.330345128139843,84.5,18.556025989267905,0.0,0.0,69.23059783893301,52.3455025444631,0.0
rome,8e301066-ea81-4155-b693-276bef8aaa09,B&b Le Streghe di Roma,Roma,False,86.65108847618103,22.559682547290016,84.5,35.3926923191418,0.0,0.0,27.718550273860178,82.1775221010905,20.70406221515721
rome,b2794e76-c3bf-4c87-8944-0c71822f05e4,Hotel CervaraPark,Roma,False,81.98309986501931,21.975177473640443,84.5,12.884628096574597,0.0,0.0,82.23034182656701,70.63700580340475,0.0
rome,e16be412-d919-4335-a501-e3ac46f7a182,Canella Hotel,Roma,False,93.90293166041374,29.107787866256132,84.5,10.624609775307587,91.2884947684738,0.0,8.918737802371158,58.751796295078876,10.081177717575311
rome,5e60ba8a-7813-4b1e-9314-72c22eeca386,Castello Scandeluzza,Roma,False,87.38273429870605,26.953948762480323,84.5,26.804418715183406,0.0,0.0,84.30887533431552,73.93196803585262,10.356912771407018
rome,305ae82a-ef83-4e08-95d6-95a0b61a6131,Hotel Butterfly,Roma,False,93.56035912036896,32.35896125466926,84.5,38.43001625932258,17.5538943843361,0.0,58.62551363168539,99.50585433617776,16.118444317112967
rome,bbab58aa-9003-4a9a-947f-b00e8f2732fb,Novotel Roma Est,Roma,True,81.99418675184249,21.91961855680044,84.5,9.164670538569903,0.0,0.0,93.87538683450278,60.053764239110436,0.0
rome,e2381839-a211-4851-8ee7-eec35c97bc8c,Marriott,Roma,True,81.99886786264182,21.258156764064108,84.5,9.696872752862506,0.0,0.0,76.85492793656123,77.90543023007423,0.0
rome,7d41d11a-91a2-4e89-b0a7-cc7c6ef4af6f,Novotel Roma Eur,Roma,True,99.99910289227962,38.28747125885423,80.4,57.78205330178468,18.543263174567624,4.028379630765832,68.56668221313595,82.76116202944011,24.370756683441364
rome,f32a692d-b52c-4b45-b545-ac1b795e9e8f,Occidental Aurelia,Roma,True,99.793,29.134948911159608,78.6,13.234157921073406,14.274293973111021,5.870156677106761,86.30046447310009,79.2539251244413,10.591766756614854
rome,e6edd02f-7638-4e52-b72f-43328aa44240,"Hotel Midas Roma, a member of Barceló Hotel Group",Roma,True,92.965,39.87810264279079,77.4,29.156753292727743,53.71899246203512,23.794164868668247,75.66298349723021,71.94672993520038,0.0
rome,087fac2a-5fe9-4fe6-8b66-bc25e33ce66d,Wyndham Rome Midas,Roma,True,89.5,39.9331713611376,77.4,29.092477604047936,54.21423311024737,23.823506124615076,75.37610275977654,72.00712579389041,0.0
rome,09ccb972-3083-47d0-b474-2d377dcfaa54,Barceló Roma,Rome,True,88.0,39.112858292749024,77.4,26.536150733107704,46.493606395558054,21.768158286849648,86.32638076228535,72.04318095303135,0.0
singapore,f49da0b5-14b0-48f4-8c40-868f88c451e5,Holi 1Medini Suite,Iskandar Puteri,False,81.05190885066986,23.185494646898405,84.8,10.994406844695881,0.0,0.0,100.0,59.86613277959227,0.0
singapore,2511f051-4294-4d3c-8b4c-bc553ba67d6c,Singapore Boys' Home,Singapore,False,81.80712807178497,26.764010119972802,84.8,3.348163528607697,13.860234033030713,0.0,92.12284437495244,95.03903951402256,0.0
singapore,a6fb4d30-10ed-4c44-b340-23e4d0c8c2f2,S11 Dormitory at Punggol,Singapore,False,82.8369550704956,23.672420003756557,84.8,5.011426765575312,14.314900006697151,0.0,89.69864755690698,63.5235751576602,0.0
singapore,151e72dc-ea22-4240-b549-88f142a1a6ac,Cooliv,Singapore,False,85.84769713878632,26.745518504761407,84.8,2.905082765195011,30.05988544957759,0.0,82.80757068530963,77.31389259010442,0.0
singapore,e5e14c99-8735-47bc-85c5-8d58a3d37887,Estuary Singapore,Singapore,False,82.50815236568451,24.148331333898394,84.8,16.055477380504943,15.198721274668141,0.0,53.89924905284391,83.94619438639145,9.45323204198699
singapore,74b46175-ca86-4ca7-a1dc-20d4dad0284d,Medini Signature at Iskanadar Johor,Iskandar Puteri,False,80.59220504760742,20.585390813109253,84.8,10.70000656505367,0.0,0.0,88.41196367853264,51.835949483186226,0.0
singapore,e7353b6f-dcdb-4e2e-9eb6-be275bea4c93,Cassia,Singapore,False,85.61334359645844,26.189684934973442,84.8,2.790727203508575,19.53751127906432,0.0,100.0,67.24037238458862,0.0
singapore,7782a8ec-8bf6-4fe1-bcf3-82c1729395a5,Changi Coast Adventure Centre,Singapore,False,87.77631982564927,25.223818056070122,84.8,14.84539075662833,0.0,0.0,77.67037927277411,64.73875746939426,27.535381779259435
singapore,96d000cf-ba53-4557-a8f2-159031cb8838,Dusit Thani Laguna Singapore,Singapore,True,99.95298597216606,27.871881687898238,75.1,15.092625803513522,18.587195390471788,9.708981207550934,56.01553126060919,80.94320348159256,17.98314113560238
singapore,f23d47ff-2e21-4dc4-a138-108e2f92d377,Hotel Ramada by Wyndham Meridin Johor Bahru,Iskandar Puteri,True,87.88181521892548,28.201231204504566,69.8,15.227709742223222,0.0,25.56071726554629,87.91396456504683,68.5645111819364,0.0
singapore,1707032f-d6a2-4dbc-ad37-3847b05d346b,30th Shangri-La Walk Ang Mo Kio Singapore,Singapore,True,86.14871644973755,38.65041465576539,65.2,25.950320914315157,28.425917003793156,19.64117718634842,93.04209662873352,98.90617140564014,0.0
singapore,aecf0941-8f4c-4fca-a0a7-088e5a34e2b3,Shangri-La Residences,Singapore,True,90.6956797838211,43.035434268230865,64.6,41.498793006787736,22.889978192369426,20.241275012505916,87.58629175754564,92.80666116280885,24.605434306570114
sydney,97795925-af0f-4bc4-8b3e-258bbb693e99,The Kilns,Sydney,False,80.78576076030731,25.8433481023483,84.2,18.353016046140233,20.073490629313046,0.0,81.71311873355972,59.01078957223687,0.0
sydney,392922bd-acde-4db0-b30d-d838e35ee8ab,Q Station Sydney Harbour National Park,Manly,False,80.965,23.01828584467176,84.2,8.817172551670247,0.0,0.0,92.5764562328333,73.68382899412715,0.0
sydney,4a3a5bd2-9eb6-4e71-b4ea-bc3659fd8655,Lyrebird Bed & Breakfast,Sydney,False,84.7977682352066,29.12062560640357,84.2,11.125273673517484,22.168381160641243,0.0,87.82218010716491,76.26288929208836,11.081857961921676
sydney,8fddf0fe-32dc-4725-a9af-5216779f2d0a,Medina Serviced Apartments,North Ryde,False,80.965,22.325086854419247,84.2,7.0324775033187485,0.0,0.0,88.63846079667806,76.22822234253788,0.0
sydney,0af31f59-2ec8-4582-b880-331f3aed08d5,"Horizon Sands Resort, Dee Why Beach  NSW",Sydney,False,82.32849943637848,26.719695255338774,84.2,14.926728403665471,21.386816677117725,0.0,89.20763226813418,60.758413989620095,0.0
sydney,693e0b7f-f599-43a1-a5cc-eea9a83e17be,Bondi Hotel,Sydney,False,84.99371933937073,28.70045294555818,84.2,5.890716995789376,36.76381351295062,0.0,82.32389228962373,78.2096300036662,0.0
sydney,7f986fbc-aafa-45f7-b8b4-88a48f94e7fe,Nesuto Parramatta Sydney Apartment Hotel,Parramatta,False,83.5,22.595728243849273,84.2,3.339104326202972,24.090616075663903,0.0,51.27283186686675,94.18859383445883,0.0
sydney,dba478d1-3e07-4f68-89f7-0aa8dcfaaa29,T&M House,Strathfield,False,81.1,23.66343120705988,84.2,8.332753791944686,21.455641744986153,0.0,55.33864865715019,94.04954801101184,0.0
sydney,906258fb-28d6-4181-8082-251c7e78c0df,Forestville Hilton,Sydney,True,81.5910028219223,24.245747736362233,79.8,16.502842970729798,0.0,4.426110441283175,86.91579735129184,70.22587451265863,0.0
sydney,01b53a5e-9ca7-4675-bb09-05e0c9018392,Best Western Plus Hotel Stellar,Sydney,True,83.5,26.952785080204084,76.2,8.953491209466351,0.0,7.9516195549562285,100.0,85.71762927319568,0.0
sydney,a6218078-8206-4fab-b3e6-642a7ec7a048,ibis budget St Peters,Sydney,True,87.99922521281242,30.44669288013538,68.0,50.479843069260845,0.0,16.20727254442001,53.2909791918579,91.15622878620522,0.0
sydney,a89707ca-d74e-43f7-a6bb-4c9026608941,Bora Bora Nui Hilton Resort And Spa,Sydney,True,84.41326248645782,30.375873338861656,65.9,32.75099347545958,0.0,18.300479482675588,86.55091394091006,71.82941656098112,0.0
tokyo,865775fd-9802-4082-b525-d811285b5997,Eurasian,浦安市,False,81.21790933609009,43.98333008588044,85.0,25.921684481737262,73.11803353162178,0.0,94.63377189000116,99.80320699708454,0.0
tokyo,a8f9b47d-516b-4b52-91e2-c0b88d60f04c,舞濱歐亞溫泉飯店,浦安市,False,82.592205286026,42.590747757513704,85.0,21.96957877627555,70.00778742611732,0.0,94.75907015244023,99.81413994169097,0.0
tokyo,7d3cd3e0-01e0-4b99-abf9-a0934ad290a9,The Royal Park Hotel Maihama Resort Tokyo-Bay,浦安市,False,88.68293190002441,47.630600209364964,84.5,20.034436232765334,94.35559711307432,2.7677997747584895,94.88617142350142,99.66107871720116,0.0
tokyo,674996fe-8a79-45b2-9d93-b04965f9273b,セミナーハウスフォーリッジ,世田谷区,False,93.30839793086052,41.80428934015649,84.5,28.38241731691136,24.600400912322485,37.77253865720012,100.0,86.53217962869691,0.0
tokyo,46528af1-634d-453d-b427-6e090a564333,ファミリーロッジ旅籠屋東京新木場店,江東区,False,87.60394912958145,27.31537787386717,84.5,27.026204563752824,0.0,15.072506082376286,61.27273709268482,97.04725180738629,0.0
tokyo,dd23804b-fcb8-46cb-99ec-4dac3eb8547b,美濃屋酒店,杉並区,False,91.5145810842514,34.55150976932974,84.5,18.030296679129098,29.308632265642906,12.733917888014055,100.0,75.36940402772532,0.0
tokyo,51c51497-9b03-4fbc-8843-1a657891376c,Tokyo Ariake Bay Hotel,江東区,False,92.06778311729431,45.220478255876024,84.5,29.346845920590663,64.80561551026565,26.722561196313567,90.24270299028977,75.09068281898585,0.0
tokyo,efba04d6-4ebf-4735-9ccf-02146f7d3d01,J's Backpackers,葛飾区,False,93.25015687346459,33.57215731666628,84.5,10.37544452706033,24.681749100913365,19.15330133280645,100.0,77.30058324510246,0.0
tokyo,d076c495-95d6-412b-8cba-c290a6cdfb3c,Casa Aug Aoto,葛飾区,False,81.48396337032318,49.54769473733922,84.5,54.05312898651384,31.041636972684508,49.32853403454824,100.0,76.630347385899,0.0
tokyo,a995410c-71c9-4d85-8bc1-ec3c1981ffb7,栗原遺跡の竪穴住居跡,板橋区,False,86.73292803764343,29.820986233660566,84.5,15.867269304843985,0.0,10.458910196320605,100.0,95.55750333427649,0.0
tokyo,ec6ea413-d1a6-43d1-85b0-8940a33b3b68,吉泰酒店,板橋区,False,91.6530009508133,45.531839712837694,84.5,44.92836610899033,28.825286161643508,38.20159630288697,100.0,81.40789998133538,0.0
tokyo,7c60ea93-576f-4d7c-add3-21189172e277,シェアハウスひだまり西永福,杉並区,False,87.02423238754272,34.611815874531345,84.5,13.919223682375916,38.00493677720071,5.78673768549715,100.0,80.69636245516593,0.0
tokyo,b1052479-be95-4043-a144-ddbbd948205a,Sheraton Grande Tokyo Bay Hotel,浦安市,True,99.99575957131385,53.70731820827953,80.4,49.769246010360945,63.65107429142261,37.82510121083544,85.55576728648073,99.97813411078718,4.18036934469937
tokyo,f9e9a684-4874-4077-8881-80fa844829a5,「ゆりの木」by Hotel Okura@東京国立博物館,台東区,True,98.5817698776722,60.4132356871511,66.3,61.73318120637226,55.19249637515739,53.36697899671733,92.05531773877613,98.08667278593398,18.25159621394593
tokyo,46d03479-2299-4482-9f83-c69edc4b3bc5,Hotel Hilton Tokyo東京海濱希爾頓飯店,浦安市,True,93.32189857959747,62.49951007058114,63.3,53.5401146540705,61.36731739298497,61.35690756628536,93.92182226898835,99.71574344023324,21.245296423609254
tokyo,1544f33c-f0d2-496c-927d-6e8d55859736,Hilton Tokyo Bay,Urayasu-shi,True,94.0,62.558266973475035,62.8,54.28441265376609,60.807074594250516,61.04728525437364,93.9946512969701,99.67201166180759,21.760757415138016
tokyo,4f9178c2-ac37-415f-aaf9-899c2c1a1637,ANA Holiday Inn Tokyo Bay,Tokyo,True,94.0,63.479478085409674,61.0,72.36713484541147,66.7001544315409,71.5952023135436,58.55937299721509,90.25861275168822,23.581416950395976
